fold	tm_ref	tm_tgt	rmsd	n_aligned	n_pairs
PolA	0.30245	0.20526	7.0	181	181
PolB	0.35473	0.16305	6.11	190	190
RT	0.32101	0.22588	6.97	192	192
PolX	0.25149	0.2572	7.21	155	155
RNAP	0.31538	0.12838	7.07	192	192
RdRp	0.29692	0.31379	6.43	170	170
